あいいろのたま,『カイオーガ』に持たせると、『ゲンシカイオーガ』にゲンシカイキする。,(ASのみ)ルネシティでアオギリからもらう／(ORのみ)おくりびやま頂上でお婆さんからもらう
あおいかけら,124番水道のトレジャーハンターの小屋で『みずのいし』と交換できる。,124番水道に落ちている(要:ダイビング)／126番水道の海底の西に隠れて落ちている／129番水道の海底の東に隠れて落ちている／マボロシ洞窟に隠れて落ちていることがある
あおいバンダナ,持たせると、コンテストライブで『うつくしさ』の評価が高くなる。,手持ちの先頭を『うつくしさ』が高いポケモンにして、カイナシティのポケモン大好きクラブの会長に話しかけるともらえる
あおいビードロ,『ねむり』状態を回復。,113番道路で『はいぶくろ』の灰と交換する(250g)
あおぞらプレート,持たせると、『ひこう』タイプの技の威力が1.2倍になる。また、『アルセウス』に持たせると『ひこう』タイプになる。,124番水道の北東の深い海をダイビングで先へ進んで浮上し、さらに奥の深い海からダイビングして海底を南東へ進んだ行き止まり付近に隠れて落ちている
あかいいと,持たせると、相手に『メロメロ』状態にされた時に相手も『メロメロ』状態にする。,特性『ものひろい』(Lv.51以上)／殿堂入り後、シーキンセツのラブラブカップルとの再戦でまれにもらえる
あかいかけら,124番水道のトレジャーハンターの小屋で『ほのおのいし』と交換できる。,124番水道の北東の深い海の先に落ちている(要:ダイビング)／127番水道の海底の中央付近に隠れて落ちている／マボロシ洞窟に隠れて落ちていることがある
あかいバンダナ,持たせると、コンテストライブで『かっこよさ』の評価が高くなる。,手持ちの先頭を『かっこよさ』が高いポケモンにして、カイナシティのポケモン大好きクラブの会長に話しかけるともらえる
あかいビードロ,『メロメロ』状態を回復。,113番道路で『はいぶくろ』の灰と交換する(500g)
アクアカセット,『ゲノセクト』に持たせると技『テクノバスター』が『みず』タイプになる。,手持ちに『ゲノセクト』を入れて、キンセツシティ北東の階段にいる男性に話しかけるともらえる
アゴのカセキ,『カナズミシティ』の『デボンコーポレーション』で復元すると、『チゴラス』を入手できる。,XYのみ
あさせのかいがら,『あさせのかいがら』と『あさせのしお』をそれぞれ4個ずつ集めると、『かいがらのすず』がもらえる。,浅瀬の洞穴で満潮(午前9時〜午後14時59分、午後21時〜午前2時59分)の時に落ちている
あさせのしお,『あさせのかいがら』と『あさせのしお』をそれぞれ4個ずつ集めると、『かいがらのすず』がもらえる。,浅瀬の洞穴で干潮(午前3時〜8時59分、午後15時〜20時59分)の時に落ちている
あついいわ,持たせると、技『にほんばれ』特性『ひでり』の効果が8ターン持続するようになる。,119番道路の天気研究所で受付の女性からもらう(3回目)
アップグレード,『ポリゴン』に持たせて通信交換すると『ポリゴン2』に進化する。,バトルリゾート景品(32BP)
あなぬけのヒモ,洞窟やダンジョンから抜け出し、入口に戻ることができる。,フレンドリィショップ(550円)(バッジ2個以上)
アブソルナイト,『アブソル』に持たせると、『メガアブソル』にメガシンカできる。,サファリゾーンの北西に落ちている(要:ダート自転車)
あまいミツ,フィールドで使うと野生のポケモンが群れで出現する(技『あまいかおり』と同じ効果)。,ハジツゲタウンのポケモンセンターで男性からもらう／野生のアメタマが高確率で持っている
あやしいおこう,持たせると、『エスパー』タイプの技の威力が1.2倍になる。また、『バリヤード』に持たせて『タマゴ』を作ると『マネネ』が生まれる。,カイナ市場のおこうや(9600円)
あやしいパッチ,『ポリゴン2』に持たせて通信交換すると『ポリゴンZ』に進化する。,バトルリゾート景品(32BP)
いいキズぐすり,HPを50だけ回復。,フレンドリィショップ(700円)(バッジ1個以上)
いかずちプレート,持たせると、『でんき』タイプの技の威力が1.2倍になる。また、『アルセウス』に持たせると『でんき』タイプになる。,129番水道の海底の北中央に隠れて落ちている
いかりまんじゅう,HPを20だけ回復。,110番道路のカラクリ屋敷(2回目)
イナズマカセット,『ゲノセクト』に持たせると技『テクノバスター』が『でんき』タイプになる。,手持ちに『ゲノセクト』を入れて、キンセツシティ北東の階段にいる男性に話しかけるともらえる
いのちのたま,持たせると、技の威力が1.3倍になる。ただし、攻撃後に自分のHPが最大HPの1/10だけ減る。,バトルリゾート景品(48BP)／野生のアブソルが低確率で持っている
インドメタシン,『すばやさ』の基礎ポイント(努力値)が10上がる。同時に「なつき度」が少し上がる。既に100以上のポイントがある場合は使用できない。,カイナ市場のがんばりや(9800円)※月曜は4900円／ミナモデパート3階(9800円)／バトルリゾート景品(2BP)
うしおのおこう,持たせると、『みず』タイプの技の威力が1.2倍になる。また、『マリル』『マリルリ』に持たせて『タマゴ』を作ると『ルリリ』が生まれる。,カイナ市場のおこうや(9600円)／おくりび山の3階の南東に落ちている
エネコのしっぽ,野生のポケモンとの戦闘中に使用すると必ず逃げられる。,ミナモデパート2階(1000円)
エフェクトガード,戦闘中に使用すると5ターンの間能力を下げられない(技『しろいきり』と同じ効果)。,カイナシティのフレンドリィショップ(700円)／ミナモデパート3階(700円)
エルレイドナイト,『エルレイド』に持たせると、『メガエルレイド』にメガシンカできる。,エピソードデルタ後、ハジツゲタウンでソライシ博士からもらう
エレキブースター,『エレブー』に持たせて通信交換すると『エレキブル』に進化する。,バトルリゾート景品(32BP)／野生のエレキッドが低確率で持っている
おいしいみず,HPを50だけ回復。,キンセツシティなどにある自動販売機で買う(200円)※マグマ団アジト(アクア団アジト)では150円
おうじゃのしるし,持たせると、攻撃技を使用した時に10%で相手がひるむ効果が追加される(追加効果がある技にも効果が追加される)。また、『ヤドン』『ニョロゾ』に持たせて通信交換すると進化する。,ミアレシティでフラダリからもらう／野生のハリテヤマが低確率で持っている
おおきなキノコ,ショップで2500円で売れる。,バトルリゾートのゴニョニョショーのクイズに正解するともらえる(毎日)／野生のパラス、キノココが低確率で持っている
おおきなしんじゅ,ショップで3750円で売れる。,109番水道などに落ちている／野生のパールルが低確率で持っている
おおきなねっこ,持たせると、技『アクアリング』『ウッドホーン』『ギガドレイン』『きゅうけつ』『すいとる』『デスウイング』『ドレインキッス』『ドレインパンチ』『ねをはる』『パラボラチャージ』『メガドレイン』『やどりぎのタネ』『ゆめくい』の回復量が1.3倍になる。,123番道路の東にいる女の子に、くさタイプのポケモンを手持ちに入れて話しかけるともらえる
おだんごしんじゅ,ショップで7500円で売れる。,キンセツキッチンのコイル焼きの景品
オニゴーリナイト,『オニゴーリ』に持たせると、『メガオニゴーリ』にメガシンカできる。,浅瀬の洞穴で干潮(午前3時〜8時59分、午後15時〜20時59分)の時に行ける氷部屋に落ちている
おはなのおこう,持たせると、『くさ』タイプの技の威力が1.2倍になる。また、『ロゼリア』『ロズレイド』に持たせて『タマゴ』を作ると『スボミー』が生まれる。,カイナ市場のおこうや(9600円)
おまもりこばん,持たせると、戦闘に出た場合にもらえる賞金が2倍になる。,トウカシティジム勝利後、ミシロタウンの自宅でママからもらう
かいがらのすず,持たせると、技で相手に与えたダメージの1/8だけHPが回復する。,『あさせのかいがら』『あさせのしお』を4個ずつ入手後、浅瀬の洞穴にいる老人に渡すともらえる
かいのカセキ,『カナズミシティ』の『デボンコーポレーション』で復元すると、『オムナイト』を入手できる。,(ASのみ)マボロシの場所でいわくだき
かいふくのくすり,ポケモン1匹のHPと状態異常、『こんらん』状態を全回復する。,フレンドリィショップ(3000円)(バッジ5個以上)
カイロスナイト,『カイロス』に持たせると、『メガカイロス』にメガシンカできる。,124番水道の南西からダイビングした先に落ちている
かえんだま,持たせると、戦闘に出た最初のターンの終わりに自分が『やけど』状態になる。ただし、すでに他の状態異常になっている場合は発動しない。,バトルリゾート景品(16BP)
かおるキノコ,ショップで6250円で売れる。,トウカの森の西中央あたりに隠れて落ちている
かたいいし,持たせると、『いわ』タイプの技の威力が1.2倍になる。,110番道路のカラクリ屋敷(2回目)／114番道路の途中の橋の北側にいる石屋の老人から銘「孤独」「無情」「涙」を購入／野生のノズパス、ココドラ、コドラ、ガントル、イシズマイ、イワパレスが低確率で持っている
ガブリアスナイト,『ガブリアス』に持たせると、『メガガブリアス』にメガシンカできる。,秘密基地プラチナランク獲得後、ヒワマキシティのひみつきちギルドでギリーからもらう
かみなりのいし,『ピカチュウ』『イーブイ』『シビビール』を進化させる。,124番水道のトレジャーハンターの家で『きいろいかけら』と交換／ニューキンセツに落ちている／スパトレ裏スーパートレーニングLv.5(マッギョ)、Lv.8の景品
カメックスナイト,『カメックス』に持たせると、『メガカメックス』にメガシンカできる。,タイドリップ号の甲板に落ちている
かるいし,持たせると、『おもさ』が半分になる。(技『けたぐり』『くさむすび』対策などで有効),カナズミシティのポケモンセンターの裏の建物2階にいる男性からもらう
ガルーラナイト,『ガルーラ』に持たせると、『メガガルーラ』にメガシンカできる。,グラードン・カイオーガ戦闘後、キナギタウンのポケモンセンターの左に落ちている
かわらずのいし,持たせると、進化しなくなる。持たせて育て屋に預けて『タマゴ』を作ると、持たせた親ポケモンと同じ性格になる。,石の洞窟の奥に隠れて落ちている(要:マッハ自転車、フラッシュ)／野生のダンゴロ、ガントルが高確率で持っている／野生のイシツブテ、ゴローンが低確率で持っている
がんせきおこう,持たせると、『いわ』タイプの技の威力が1.2倍になる。また、『ウソッキー』に持たせて『タマゴ』を作ると『ウソハチ』が生まれる。,カイナ市場のおこうや(9600円)
がんせきプレート,持たせると、『いわ』タイプの技の威力が1.2倍になる。また、『アルセウス』に持たせると『いわ』タイプになる。,128番水道の海底の北西に隠れて落ちている
きあいのタスキ,持たせると、HPが最大の時、『ひんし』状態になるダメージや一撃必殺の技を受けても必ず1残る。ただし、1度使用するとなくなる。,バトルリゾート景品(48BP)
きあいのハチマキ,持たせると、『ひんし』になるダメージを受けても10%の確率でHPが1残る。,バトルリゾート景品(48BP)／野生のワンリキーが低確率で持っている
きいろいかけら,124番水道のトレジャーハンターの小屋で『かみなりのいし』と交換できる。,107番水道の海底の北西に隠れて落ちている／124番水道に落ちている(要:ダイビング)／126番水道の海底の東に隠れて落ちている／マボロシ山に隠れて落ちていることがある
きいろのバンダナ,持たせると、コンテストライブで『たくましさ』の評価が高くなる。,手持ちの先頭を『たくましさ』が高いポケモンにして、カイナシティのポケモン大好きクラブの会長に話しかけるともらえる
きいろビードロ,『こんらん』状態を回復。,113番道路で『はいぶくろ』の灰と交換する(500g)
キズぐすり,HPを20だけ回復。,フレンドリィショップ(300円)／野生のジグザグマ、マッスグマが高確率で持っている
きせきのタネ,持たせると、『くさ』タイプの技の威力が1.2倍になる。,トウカの森で女の子からもらう(要:いあいぎり)／野生のチェリム、マラカッチが低確率で持っている
きちょうなホネ,ショップで5000円で売れる。,114番道路の南にあるクレーターに隠れて落ちている
キトサン,『とくぼう』の基礎ポイント(努力値)が10上がる。同時に「なつき度」が少し上がる。既に100以上のポイントがある場合は使用できない。,カイナ市場のがんばりや(9800円)※月曜は4900円／ミナモデパート3階(9800円)／バトルリゾート景品(2BP)
きのみジュース,HPを20だけ回復。,キンセツシティのポケマイルセンターで10Pと交換
ギャラドスナイト,『ギャラドス』に持たせると、『メガギャラドス』にメガシンカできる。,123番道路の釣り堀にいるポチエナに話しかけて「はい」を選ぶともらえる
きゅうこん,持たせると、『みず』タイプの技を受けた時に『とくこう』ランクが1段階上がる。1度使用するとなくなる。,バトルリゾート景品(32BP)／野生のナゾノクサ、クサイハナが低確率で持っている
きょうせいギブス,持たせると、もらえる基礎ポイント(努力値)が2倍になる。ただし、『すばやさ』が半分になる。,111番道路の南でカチヌキファミリー勝利後にもらえる
きよめのおこう,先頭のポケモンに持たせると、野生のポケモンが出にくくなる。また、『チリーン』に持たせて『タマゴ』を作ると『リーシャン』が生まれる。,カイナ市場のおこうや(9600円)
きよめのおふだ,先頭のポケモンに持たせると、野生のポケモンが出にくくなる。,おくりび山の1階にいるお婆さんからもらう／野生のチリーンが低確率で持っている
きれいなウロコ,XY用の道具。,XYのみ
きれいなぬけがら,持たせると、技『くものす』や特性『ありじごく』などの交代を封じる効果を受けず、必ず交代できるようになる。,野生のモルフォン、バクオング、ハブネーク、ズルッグが低確率で持っている
きれいなハネ,ショップで100円で売れる。,スパトレ裏スーパートレーニングLv.4以上の景品／野生のキャモメ、ペリッパーが高確率で持っている
ぎんのこな,持たせると、『むし』タイプの技の威力が1.2倍になる。,野生のアメモースが低確率で持っている
きんのたま,ショップで5000円で売れる。,シーキンセツの倉庫などに落ちている／キンセツキッチンのビレッジサンドセットの景品
きんりょくのハネ,ポケモン1匹の『こうげき』の基礎ポイント(努力値)が1上がる。最大値まで使用できる。,スパトレ裏スーパートレーニングLv.4の景品
クチートナイト,『クチート』に持たせると、『メガクチート』にメガシンカできる。,117道路の南西から行けるシダケタウンに落ちている
くっつきバリ,持たせると、毎ターン、自分のHPが最大HPの1/8ずつ減る。相手の持ち物がない場合、直接攻撃を受けると相手の持ち物になることがある。,野生のサボネアが低確率で持っている
クリティカット,戦闘中に使用すると急所ランクが2段階上がる。,カイナシティのフレンドリィショップ(650円)／ミナモデパート3階(650円)
くろいてっきゅう,持たせると、『すばやさ』が半分になる。また、特性『ふゆう』や『ひこう』タイプ、『でんじふゆう』状態のポケモンに持たせると、『じめん』タイプの技を受けるようになる。,バトルリゾート景品(48BP)／野生のクチートが低確率で持っている
くろいビードロ,レベルの高い野生のポケモンが出やすくなる。,113番道路で『はいぶくろ』の灰と交換する(1000g)
くろいヘドロ,『どく』タイプのポケモンに持たせると、毎ターンHPが最大HPの1/16ずつ回復する。それ以外のポケモンの場合は、毎ターン最大HPの1/8ずつ減る。,野生のベトベター、ヤブクロンが低確率で持っている
くろいメガネ,持たせると、『あく』タイプの技の威力が1.2倍になる。,カナシダトンネルの奥から外に出たところに隠れて落ちている
くろおび,持たせると、『かくとう』タイプの技の威力が1.2倍になる。,野生のマクノシタ、ナゲキ、ダゲキが低確率で持っている
ぐんぐんこやし,XY用の道具。,XYのみ
けむりだま,持たせると、野生のポケモンから必ず逃げることができる。,110番道路のカラクリ屋敷(4回目)／野生のドガースが低確率で持っている
ゲンガナイト,『ゲンガー』に持たせると、『メガゲンガー』にメガシンカできる。,バトルリゾートの砂浜にある管理人の家に落ちている
げんきのかけら,『ひんし』状態から最大HPの半分だけ回復する。,フレンドリィショップ(1500円)(バッジ2個以上)／野生のジグザグマが低確率で持っている
げんきのかたまり,『ひんし』状態からHPをすべて回復。,マグマ団アジト(アクア団アジト)などに落ちている／野生のマッスグマが低確率で持っている
こううんのおこう,持たせると、戦闘に出た場合にもらえる賞金が2倍になる。また、『ラッキー』『ハピナス』に持たせて『タマゴ』を作ると『ピンプク』が生まれる。,カイナ市場のおこうや(9600円)
こうかくレンズ,持たせると、技の命中率が1.1倍になる。,バトルリゾート景品(48BP)／野生のヤミラミが低確率で持っている
こうこうのしっぽ,持たせると、必ず後攻になる。技『でんこうせっか』などの優先度のある技には影響しない。,野生のヤドンが低確率で持っている
こうてつプレート,持たせると、『はがね』タイプの技の威力が1.2倍になる。また、『アルセウス』に持たせると『はがね』タイプになる。,エピソードデルタ後、トクサネシティのダイゴの家でもらえる『ダンバル』が持っている
こうらのカセキ,『カナズミシティ』の『デボンコーポレーション』で復元すると、『カブト』を入手できる。,(ORのみ)マボロシの場所でいわくだき
こおりなおし,『こおり』状態を回復。,フレンドリィショップ(250円)(バッジ1個以上)
ゴールドスプレー,250歩の間、先頭のポケモンよりレベルの低い野生のポケモンが出現しなくなる。,フレンドリィショップ(700円)(バッジ3個以上)
こころのしずく,『ラティアス』『ラティオス』に持たせると、『とくこう』『とくぼう』がそれぞれ1.5倍になる。,イベント配布の『むげんのチケット』で行ける南の孤島で入手
こだわりスカーフ,持たせると、同じ技しか出せなくなるが、『すばやさ』が1.5倍になる。,バトルリゾート景品(48BP)
こだわりハチマキ,持たせると、同じ技しか出せなくなるが、『こうげき』が1.5倍になる。,バトルリゾート景品(48BP)
こだわりメガネ,持たせると、同じ技しか出せなくなるが、『とくこう』が1.5倍になる。,バトルリゾート景品(48BP)
ゴツゴツメット,持たせると、直接攻撃を受けた時、相手の最大HPの1/6のダメージを与える。,119番道路の天気研究所の1階で研究員からもらう
こぶしのプレート,持たせると、『かくとう』タイプの技の威力が1.2倍になる。また、『アルセウス』に持たせると『かくとう』タイプになる。,130番水道の海底の南西に隠れて落ちている
こわもてプレート,持たせると、『あく』タイプの技の威力が1.2倍になる。また、『アルセウス』に持たせると『あく』タイプになる。,127番水道の海底の北東に隠れて落ちている
こんごうだま,『ディアルガ』に持たせると『はがね』『ドラゴン』タイプの技の威力が1.2倍になる。,128番水道のドーナツ状の砂浜の中央に深い海のスポットから行ける海底に隠れて落ちている
サーナイトナイト,『サーナイト』に持たせると、『メガサーナイト』にメガシンカできる。,グラードン・カイオーガ戦闘後、シダケタウンのミチルの家でミチルからもらう
サイコソーダ,HPを60だけ回復。,キンセツシティなどにある自動販売機で買う(300円)※マグマ団アジト(アクア団アジト)では250円
さざなみのおこう,持たせると、『みず』タイプの技の威力が1.2倍になる。また、『マンタイン』に持たせて『タマゴ』を作ると『タマンタ』が生まれる。,カイナ市場のおこうや(9600円)
サメハダナイト,『サメハダー』に持たせると、『メガサメハダー』にメガシンカできる。,(ASのみ)エピソードデルタでアオギリからもらう／(ORのみ)バトルリゾートでアオギリからもらう
さらさらいわ,持たせると、技『すなあらし』特性『すなおこし』の効果が8ターン持続するようになる。,119番道路の天気研究所で受付の女性からもらう(2回目)
しあわせタマゴ,持たせると、もらえる経験値が1.5倍になる。,野生のペリッパー、ピンプクが低確率で持っている
じしゃく,持たせると、『でんき』タイプの技の威力が1.2倍になる。,110番道路のカラクリ屋敷(5回目)
しずくプレート,持たせると、『みず』タイプの技の威力が1.2倍になる。また、『アルセウス』に持たせると『みず』タイプになる。,129番水道の海底の南東に隠れて落ちている
しめつけバンド,持たせると、束縛技『うずしお』『からではさむ』『しめつける』『すなじごく』『ほのおのうず』『まきつく』『マグマストーム』『まとわりつく』が毎ターン相手に与えるダメージが相手の最大HPの1/6になる。(通常時は1/8),バトルリゾート景品(48BP)
しめったいわ,持たせると、技『あまごい』特性『あめふらし』の効果が8ターン持続するようになる。,119番道路の天気研究所で受付の女性からもらう(4回目)
じゃくてんほけん,持たせると、効果抜群の攻撃を受けた時に『こうげき』『とくこう』ランクが2段階ずつ上がる。1度使用するとなくなる。,バトルリゾート景品(32BP)
シャラサブレ,状態異常と『こんらん』状態をすべて回復。,110番道路のカラクリ屋敷(6回目)
じゅうでんち,持たせると、『でんき』タイプの技を受けた時に『こうげき』ランクが1段階上がる。1度使用するとなくなる。,バトルリゾート景品(32BP)／野生のプラスル、マイナンが低確率で持っている
ジュカインナイト,『ジュカイン』に持たせると、『メガジュカイン』にメガシンカできる。,最初にキモリを選んだ場合、120番道路でダイゴからもらう／それ以外の場合、グラードン・カイオーガ戦闘後、114番道路の橋の北側にいるお爺さんに話しかけて「立枯(たちがれ)」を1500円で購入
ジュペッタナイト,『ジュペッタ』に持たせると、『メガジュペッタ』にメガシンカできる。,おくりび山の頂上に落ちている
しゅんぱつのハネ,ポケモン1匹の『すばやさ』の基礎ポイント(努力値)が1上がる。最大値まで使用できる。,スパトレ裏スーパートレーニングLv.4の景品
しらたま,『パルキア』に持たせると『みず』『ドラゴン』タイプの技の威力が1.2倍になる。,129番水道の海底の北東に隠れて落ちている
シルクのスカーフ,持たせると、『ノーマル』タイプの技の威力が1.2倍になる。,ムロタウンの北にある民家で男性からもらう
シルバースプレー,200歩の間、先頭のポケモンよりレベルの低い野生のポケモンが出現しなくなる。,フレンドリィショップ(500円)(バッジ2個以上)
しろいハーブ,持たせると、能力ランクが下がった時にターン終了時に元に戻る。1度使用するとなくなる。,バトルリゾート景品(32BP)
しんかいのウロコ,『パールル』に持たせると『とくぼう』が2倍になる。また、『パールル』に持たせて通信交換すると『サクラビス』に進化する。,マボロシ山や弓形の島に隠れて落ちていることがある／野生のチョンチー、ランターン、ジーランスが低確率で持っている
しんかいのキバ,『パールル』に持たせると『とくこう』が2倍になる。また、『パールル』に持たせて通信交換すると『ハンテール』に進化する。,マボロシ洞窟や弓形の島に隠れて落ちていることがある／野生のキバニア、サメハダーが低確率で持っている
しんかのきせき,最終進化前のポケモンに持たせると、『ぼうぎょ』『とくぼう』がそれぞれ1.5倍になる。進化しないポケモンには効果がない。,123番道路の釣り堀123(ひ・ふ・み)の中にいる男性の質問に「コイキング」と答えるともらえる
しんじゅ,ショップで700円で売れる。,各地いわくだきで見つかる／野生のパールルが高確率で持っている
しんぴのしずく,持たせると、『みず』タイプの技の威力が1.2倍になる。,119番道路の天気研究所の所長からもらえる『ポワルン』が持っている／野生のトサキント、アズマオウが低確率で持っている
すいせいのかけら,ショップで15000円で売れる,114番道路の南にあるクレーターに隠れて落ちている
ずがいのカセキ,『カナズミシティ』の『デボンコーポレーション』で復元すると、『ズガイドス』を入手できる。,(ASのみ)マボロシの場所でいわくだき
すごいキズぐすり,HPを200だけ回復。,フレンドリィショップ(1200円)(バッジ3個以上)
スピアナイト,『スピアー』に持たせると、『メガスピアー』にメガシンカできる。,シーキンセツの倉庫に落ちている(要:ダイビング)
スピーダー,戦闘中に使用すると『すばやさ』ランクが1段階上がる。,カイナシティのフレンドリィショップ(350円)／ミナモデパート3階(350円)
スピードパウダー,『メタモン』に持たせると、『すばやさ』が2倍になる。ただし、『へんしん』後は効果がない。,野生のメタモンが高確率で持っている
スペシャルアップ,戦闘中に使用すると『とくこう』ランクを1段階上げる。,カイナシティのフレンドリィショップ(350円)／ミナモデパート3階(350円)
スペシャルガード,戦闘中に使用すると『とくぼう』ランクが1段階上がる。,カイナシティのフレンドリィショップ(350円)／ミナモデパート3階(350円)
するどいキバ,持たせると、攻撃技を使用した時に10%で相手がひるむ効果が追加される。追加効果がある技(一部を除く)などには効果はない。また、『グライガー』に持たせて夜にレベルアップすると『グライオン』に進化する。,バトルリゾート景品(48BP)／マボロシ島やマボロシ森、弓形の島に隠れて落ちていることがある
するどいくちばし,持たせると、『ひこう』タイプの技の威力が1.2倍になる。,タイドリップ号の地下で男性からもらう／野生のドードーが低確率で持っている
するどいツメ,持たせると、急所ランクが1段階上がる。また、『ニューラ』に持たせて夜にレベルアップすると『マニューラ』に進化する。,バトルリゾート景品(48BP)／弓形の島(マボロシの場所)に隠れて落ちていることがある
せいしんのハネ,ポケモン1匹の『とくぼう』の基礎ポイント(努力値)が1上がる。最大値まで使用できる。,スパトレ裏スーパートレーニングLv.4の景品
せいなるはい,すべての『ひんし』状態のポケモンを全回復。戦闘中は使用できない。,
せいれいプレート,持たせると、『フェアリー』タイプの技の威力が1.2倍になる。また、『アルセウス』に持たせると『フェアリー』タイプになる。,128番水道の海底の南東に隠れて落ちている
せんせいのツメ,持たせると、20%の確率で素早さに関係なく先制できる。,カナズミシティのトレーナーズスクールで先生からもらう／野生のペルシアン、ザングースが低確率で持っている
だいちのプレート,持たせると、『じめん』タイプの技の威力が1.2倍になる。また、『アルセウス』に持たせると『じめん』タイプになる。,130番水道の海底の中央付近に隠れて落ちている
たいようのいし,『クサイハナ』『ヒマナッツ』『モンメン』『チュリネ』『エリキテル』を進化させる。,スパトレ裏スーパートレーニングLv.7(サザンドラ)の景品／野生のソルロックが低確率で持っている
たいりょくのハネ,ポケモン1匹の『HP』の基礎ポイント(努力値)が1上がる。最大値まで使用できる。,スパトレ裏スーパートレーニングLv.4の景品
タウリン,『こうげき』の基礎ポイント(努力値)が10上がる。同時に「なつき度」が少し上がる。既に100以上のポイントがある場合は使用できない。,カイナ市場のがんばりや(9800円)※月曜は4900円／ミナモデパート3階(9800円)／バトルリゾート景品(2BP)
だっしゅつボタン,持たせると、技を受けた時、手持ちポケモンと交代できる。(技を受けた後),バトルリゾート景品(32BP)
たつじんのおび,持たせると、効果抜群の技を使った時に威力が1.2倍になる。,バトルリゾート景品(48BP)
たてのカセキ,『カナズミシティ』の『デボンコーポレーション』で復元すると、『タテトプス』を入手できる。,(ORのみ)マボロシの場所でいわくだき
タブンネナイト,『タブンネ』に持たせると、『メガタブンネ』にメガシンカできる。,バトルリゾートでハンサムからもらう
たべのこし,持たせると、毎ターンHPが最大HPの1/16ずつ回復する。,タイドリップ号の地下に落ちている
たまむしプレート,持たせると、『むし』タイプの技の威力が1.2倍になる。また、『アルセウス』に持たせると『むし』タイプになる。,127番水道の海底の北西に隠れて落ちている
たわわこやし,XY用の道具。,XYのみ
ちいさなキノコ,ショップで250円で売れる。,野生のパラス、キノココが高確率で持っている
ちからのこな,HPを50だけ回復。ただし、「なつき度」が下がる。,フエンタウンの漢方薬の店(500円)
ちからのねっこ,HPを200だけ回復。ただし、「なつき度」が下がる。,フエンタウンの漢方薬の店(800円)
ちからのハチマキ,持たせると、物理技の威力が1.1倍になる。,バトルリゾート景品(48BP)
チャーレムナイト,『チャーレム』に持たせると、『メガチャーレム』にメガシンカできる。,おくりび山の4階に落ちている
ちりょくのハネ,ポケモン1匹の『とくこう』の基礎ポイント(努力値)が1上がる。最大値まで使用できる。,スパトレ裏スーパートレーニングLv.4の景品
チルタリスナイト,『チルタリス』に持たせると、『メガチルタリス』にメガシンカできる。,手持ちに『チルタリス』を入れて、ミナモシティのポケモンセンター右のコンテストライブトレーナーファンクラブの前にいる男性のクイズに答えるともらえる
つきのいし,『ニドリーノ』『ニドリーナ』『ピッピ』『プリン』『エネコ』『ムンナ』を進化させる。,スパトレ裏スーパートレーニングLv.7(サザンドラ)の景品／野生のピッピ、ルナトーンが低確率で持っている
つめたいいわ,持たせると、技『あられ』特性『ゆきふらし』の効果が8ターン持続するようになる。,119番道路の天気研究所で受付の女性からもらう(1回目)
ツメのカセキ,『カナズミシティ』の『デボンコーポレーション』で復元すると、『アノプス』を入手できる。,111番道路の砂漠に落ちている
つららのプレート,持たせると、『こおり』タイプの技の威力が1.2倍になる。また、『アルセウス』に持たせると『こおり』タイプになる。,130番水道の海底の南中央付近に隠れて落ちている
ていこうのハネ,ポケモン1匹の『ぼうぎょ』の基礎ポイント(努力値)が1上がる。最大値まで使用できる。,スパトレ裏スーパートレーニングLv.4の景品
ディアンシナイト,『ディアンシー』に持たせると、『メガディアンシー』にメガシンカできる。,XYなどからディアンシーを連れてくるとポケモンセンターでもらえる
ディフェンダー,戦闘中に使用すると『ぼうぎょ』ランクを1段階上げる。,カイナシティのフレンドリィショップ(550円)／ミナモデパート3階(550円)
でかいきんのたま,ショップで10000円で売れる。,キンセツキッチンのキンセツチャンポンの景品／シーキンセツの倉庫に落ちている
でんきだま,『ピカチュウ』に持たせると、『こうげき』『とくこう』がそれぞれ2倍になる。また、『ピカチュウ』『ライチュウ』に持たせて『タマゴ』を作ると、技『ボルテッカー』を覚えた『ピチュー』が生まれる。,120番道路の南に落ちている／野生のピカチュウが低確率で持っている
デンリュウナイト,『デンリュウ』に持たせると、『メガデンリュウ』にメガシンカできる。,ニューキンセツに落ちている
どくけし,『どく』状態を回復。,フレンドリィショップ(100円)
とくせいカプセル,2種類の特性(隠れ特性は除く)を持つポケモンに持たせると、もう片方の特性になる。隠れ特性には効果がない。,バトルリゾート景品(200BP)
どくどくだま,持たせると、戦闘に出た最初のターンの終わりに『もうどく』状態になる。ただし、すでに他の状態異常になっている場合は発動しない。,バトルリゾート景品(16BP)
どくバリ,持たせると、『どく』タイプの技の威力が1.2倍になる。,野生のメノクラゲ、ドククラゲ、ロゼリア、スコルピが低確率で持っている
とけないこおり,持たせると、『こおり』タイプの技の威力が1.2倍になる。,浅瀬の洞穴の干潮時に行ける氷部屋に落ちている
とつげきチョッキ,持たせると、『とくぼう』が1.5倍になるが、変化技を出せなくなる。,バトルリゾート景品(48BP)
とんでもこやし,XY用の道具。,XYのみ
ながねぎ,『カモネギ』に持たせると、急所ランクが2段階上がる。,XYのみ
なんでもなおし,状態異常と『こんらん』状態をすべて回復。ただし、『メロメロ』状態などは回復できない。,フレンドリィショップ(600円)(バッジ3個以上)
においぶくろ,『シュシュプ』に持たせて通信交換すると『フレフワン』に進化する。,バトルリゾート景品(32BP)
ねっこのカセキ,『カナズミシティ』の『デボンコーポレーション』で復元すると、『リリーラ』を入手できる。,111番道路の砂漠に落ちている
ねばりのかぎづめ,持たせると、束縛技『うずしお』『からではさむ』『しめつける』『すなじごく』『ほのおのうず』『まきつく』『マグマストーム』『まとわりつく』で毎ターン相手にダメージを与える効果が7ターンに増える。,野生のサンドが低確率で持っている
ねむけざまし,『ねむり』状態を回復。,フレンドリィショップ(250円)(バッジ1個以上)
ねらいのまと,持たせると、タイプ相性で無効になるタイプの技を受けるようになる。,バトルリゾート景品(32BP)
ノーマルジュエル,持たせると、『ノーマル』タイプの技を使った時に威力が1.3倍になる。1度使用するとなくなる。,各地いわくだきで見つかる
のろいのおふだ,持たせると、『ゴースト』タイプの技の威力が1.2倍になる。,野生のカゲボウズ、ヨマワル、デスカーンが低確率で持っている
のんきのおこう,持たせると、相手の技の命中率が0.9倍になる。また、『ソーナンス』に持たせて『タマゴ』を作ると『ソーナノ』が生まれる。,カイナ市場のおこうや(9600円)／おくりび山の3階の西側に落ちている
ハートスイーツ,HPを20だけ回復。,コンテストライブに参加後にもらう
ハートのウロコ,『ハジツゲタウン』のわざマニアに渡すと、ポケモンが過去にレベルアップやタマゴ技で覚えることができた技をひとつ覚えさせてくれる。,126番水道の海底などに落ちている／野生のラブカスが高確率で持っている
ハガネールナイト,『ハガネール』に持たせると、『メガハガネール』にメガシンカできる。,石の洞窟の地下2階に落ちている(要:フラッシュ、マッハ自転車)
バクーダナイト,『バクーダ』に持たせると、『メガバクーダ』にメガシンカできる。,(ORのみ)エピソードデルタでマツブサからもらう／(ASのみ)バトルリゾートでマツブサからもらう
バシャーモナイト,『バシャーモ』に持たせると、『メガバシャーモ』にメガシンカできる。,最初にアチャモを選んだ場合、120番道路でダイゴからもらう／それ以外の場合、グラードン・カイオーガ戦闘後、114番道路の橋の北側にいるお爺さんに話しかけて「下火(したび)」を1500円で購入
はっきんだま,『ギラティナ』に持たせると、『ドラゴン』『ゴースト』タイプの技の威力が1.2倍になる。また、オリジンフォルムになる。,130番水道の北東の深い海スポットの海底に隠れて落ちている
ハッサムナイト,『ハッサム』に持たせると、『メガハッサム』にメガシンカできる。,グラードン・カイオーガ戦闘後、トウカの森の東側に落ちている(必要:いあいぎり)
はねのカセキ,『カナズミシティ』の『デボンコーポレーション』で復元すると、『アーケン』を入手できる。,(ORのみ)マボロシの場所でいわくだき
パワーアンクル,持たせると、もらえる『すばやさ』の基礎ポイント(努力値)が+4される。『すばやさ』が半分になる。,バトルリゾート景品(16BP)
パワーウエイト,持たせると、もらえるHPの基礎ポイント(努力値)が+4される。『すばやさ』が半分になる。,バトルリゾート景品(16BP)
パワーバンド,持たせると、もらえる『とくぼう』の基礎ポイント(努力値)が+4される。『すばやさ』が半分になる。,バトルリゾート景品(16BP)
パワーベルト,持たせると、もらえる『ぼうぎょ』の基礎ポイント(努力値)が+4される。『すばやさ』が半分になる。,バトルリゾート景品(16BP)
パワーリスト,持たせると、もらえる『こうげき』の基礎ポイント(努力値)が+4される。『すばやさ』が半分になる。,バトルリゾート景品(16BP)
パワーレンズ,持たせると、もらえる『とくこう』の基礎ポイント(努力値)が+4される。『すばやさ』が半分になる。,バトルリゾート景品(16BP)
パワフルハーブ,持たせると、2ターン用いる技『あなをほる』『かまいたち』『ゴーストダイブ』『ゴッドバード』『ジオコントロール』『シャドーダイブ』『ソーラービーム』『そらをとぶ』『ダイビング』『とびはねる』『ロケットずつき』を1ターン目で攻撃することができる。1度使用するとなくなる。,バトルリゾート景品(32BP)／野生のタネボー、コノハナが低確率で持っている
バンギラスナイト,『バンギラス』に持たせると、『メガバンギラス』にメガシンカできる。,グラードン・カイオーガ戦闘後、デコボコ山道の東側の南付近に落ちている
ばんのうごな,状態異常と『こんらん』状態をすべて回復。ただし、「なつき度」が下がる。,フエンタウンの漢方薬の店(450円)
ピーピーエイダー,すべての技のPPを10ずつ回復。,111番道路(北側)の北東(要:マッハ自転車)などに落ちている
ピーピーエイド,1つの技のPPを10回復。,トウカの森などに落ちている
ピーピーマックス,すべての技のPPをすべて回復。,マグマ団アジト(アクア団アジト)などに落ちている
ピーピーリカバー,1つの技のPPをすべて回復。,カナシダトンネルなどに落ちている
ヒウンアイス,状態異常と『こんらん』状態をすべて回復。,110番道路のカラクリ屋敷(4回目)／手持ちに『レジアイス』を入れ、キンセツシティ2階の北側の部屋にいる女の子に話しかけるともらえる
ひかりごけ,持たせると、『みず』タイプの技のダメージを受けた時に『とくぼう』が1段階上がる。1度使用するとなくなる。,バトルリゾート景品(32BP)／野生のサニーゴが低確率で持っている
ひかりのいし,『トゲチック』『ロゼリア』『チラーミィ』『フラエッテ』を進化させる。,スパトレ裏スーパートレーニングLv.6(ロズレイド)の景品
ひかりのこな,持たせると、相手の技の命中率が0.9倍になる。,バトルリゾート景品(48BP)／野生のケムッソ、バルビート、イルミーゼが低確率で持っている
ひかりのねんど,持たせると、技『ひかりのかべ』『リフレクター』の効果が8ターン持続するようになる。,野生のヤジロン、ネンドールが低確率で持っている
びっくりこやし,XY用の道具。,XYのみ
ピジョットナイト,『ピジョット』に持たせると、『メガピジョット』にメガシンカできる。,シダケタウンで女の子のキノココを見つけたお礼にもらう『すごそうないし』をカナズミシティのデボンコーポレーションでツワブキ社長に見せるともらえる
ピッピにんぎょう,野生のポケモンとの戦闘中に使用すると必ず逃げられる。,ミナモデパート2階(1000円)
ひのたまプレート,持たせると、『ほのお』タイプの技の威力が1.2倍になる。また、『アルセウス』に持たせると『ほのお』タイプになる。,107番水道の海底の北西に隠れて落ちている
ひみつのコハク,『カナズミシティ』の『デボンコーポレーション』で復元すると、『プテラ』を入手できる。,マボロシの場所でいわくだき
ヒレのカセキ,『カナズミシティ』の『デボンコーポレーション』で復元すると、『アマルス』を入手できる。,XYのみ
ピンクのバンダナ,持たせると、コンテストライブで『かわいさ』の評価が高くなる。,手持ちの先頭を『かわいさ』が高いポケモンにして、カイナシティのポケモン大好きクラブの会長に話しかけるともらえる
ピントレンズ,持たせると、急所ランクが1段階上がる。,バトルリゾート景品(48BP)
ふうせん,持たせると、『ふゆう』状態になり『じめん』タイプの技が当たらなくなる。ただし、攻撃を受けると効果がなくなる。,バトルリゾート景品(48BP)
フーディンナイト,『フーディン』に持たせると、『メガフーディン』にメガシンカできる。,カイナシティのカイナ市場の南西に落ちている
フエンせんべい,状態異常と『こんらん』状態をすべて回復。,110番道路のカラクリ屋敷(1回目)／フエンタウンに行った後、えんとつ山のロープウェイ乗り場の前にいるお婆さんから購入(200円)
フォーカスレンズ,持たせると、後攻のとき技の命中率が1.2倍になる。,バトルリゾート景品(48BP)
ふしぎなアメ,ポケモンのレベルが1上がる。,111番道路の砂漠などに落ちている
ふしぎなおきもの,特になし。,XYのみ
ふしぎのプレート,持たせると、『エスパー』タイプの技の威力が1.2倍になる。また、『アルセウス』に持たせると『エスパー』タイプになる。,126番水道の海底の北西に隠れて落ちている
フシギバナイト,『フシギバナ』に持たせると、『メガフシギバナ』にメガシンカできる。,グラードン・カイオーガ戦闘後、119番道路の南東(右下)の小屋の付近に落ちている
ふたのカセキ,『カナズミシティ』の『デボンコーポレーション』で復元すると、『プロトーガ』を入手できる。,(ASのみ)マボロシの場所でいわくだき
ふっかつそう,『ひんし』状態からHPをすべて回復。ただし、「なつき度」が下がる,フエンタウンの漢方薬の店(2800円)
プテラナイト,『プテラ』に持たせると、『メガプテラ』にメガシンカできる。,グラードン・カイオーガ戦闘後、流星の滝の奥の部屋に落ちている(必要:たきのぼり)
ふといホネ,『カラカラ』『ガラガラ』に持たせると、『こうげき』が2倍になる。,XYのみ
プラスパワー,戦闘中に使用すると『こうげき』ランクが1段階上がる。,カイナシティのフレンドリィショップ(500円)／ミナモデパート3階(500円)
フリーズカセット,『ゲノセクト』に持たせると技『テクノバスター』が『こおり』タイプになる。,手持ちに『ゲノセクト』を入れて、キンセツシティ北東の階段にいる男性に話しかけるともらえる
ブレイズカセット,『ゲノセクト』に持たせると技『テクノバスター』が『ほのお』タイプになる。,手持ちに『ゲノセクト』を入れて、キンセツシティ北東の階段にいる男性に話しかけるともらえる
プロテクター,『サイドン』に持たせて通信交換すると『ドサイドン』に進化する。,バトルリゾート景品(32BP)
ブロムヘキシン,『ぼうぎょ』の基礎ポイント(努力値)が10上がる。同時に「なつき度」が少し上がる。既に100以上のポイントがある場合は使用できない。,カイナ市場のがんばりや(9800円)※月曜は4900円／ミナモデパート3階(9800円)／バトルリゾート景品(2BP)
べにいろのたま,『グラードン』に持たせると、『ゲンシグラードン』にゲンシカイキする。,(ORのみ)ルネシティでマツブサからもらう／(ASのみ)おくりびやま頂上でお婆さんからもらう
ヘラクロスナイト,『ヘラクロス』に持たせると、『メガヘラクロス』にメガシンカできる。,127番水道の南東に落ちている。
ヘルガナイト,『ヘルガー』に持たせると、『メガヘルガー』にメガシンカできる。,グラードン・カイオーガ戦闘後、フエンタウンの西側に落ちている
ホイップポップ,『ペロッパフ』に持たせて通信交換すると『ペロリーム』に進化する。,バトルリゾート景品(32BP)
ポイントアップ,1つの技のPPの最大値を1段階上げる(初期最大値の1/5増やす)。1つの技につき3個まで使用できる。,109番水道などに落ちている／ミナモデパート1階くじ3等景品
ポイントマックス,1つの技のPPの最大値を限界まで上げる(初期最大値の8/5になる)。1つの技につき1度だけ使用できる。,マグマ団アジト(アクア団アジト)などに落ちている
ぼうじんゴーグル,持たせると、天気『あられ』『すなあらし』によるダメージを受けない。また、粉系の技『いかりのこな』『キノコのほうし』『しびれごな』『どくのこな』『ねむりごな』『ふんじん』『わたほうし』、特性『ほうし』の効果を受けない。,111番道路の砂漠で男性からもらう／バトルリゾート景品(48BP)
ボーマンダナイト,『ボーマンダ』に持たせると、『メガボーマンダ』にメガシンカできる。,エピソードデルタ後、流星の滝で流星の民からもらう
ポケじゃらし,野生のポケモンとの戦闘中に使用すると必ず逃げられる。,ミナモデパート2階(1000円)／キンセツシティの屋上でヤンキーからもらう
ほしのかけら,ショップで4900円で売れる。,108番水道などに落ちている／野生のヒトデマンが低確率で持っている
ほしのすな,ショップで1000円で売れる。,118番道路などに落ちている／野生のヒトデマン、ルナトーン、ソルロックが高確率で持っている
ボスゴドラナイト,『ボスゴドラ』に持たせると、『メガボスゴドラ』にメガシンカできる。,カナシダトンネル開通時にミチルの彼氏からもらう
ほのおのいし,『ロコン』『ガーディ』『イーブイ』『バオップ』を進化させる。,炎の抜け道に落ちている(要:かいりき)／スパトレ裏スーパートレーニングLv.5(リザードン)、Lv.8の景品
まがったスプーン,持たせると、『エスパー』タイプの技の威力が1.2倍になる。,野生のケーシィが低確率で持っている
マグマブースター,『ブーバー』に持たせて通信交換すると『ブーバーン』に進化する。,バトルリゾート景品(32BP)／野生のブビィが低確率で持っている
マックスアップ,HPの基礎ポイント(努力値)が10上がる。同時に「なつき度」が少し上がる。既に100以上のポイントがある場合は使用できない。,カイナ市場のがんばりや(9800円)※月曜は4900円／ミナモデパート3階(9800円)／バトルリゾート景品(2BP)
まひなおし,『まひ』状態を回復。,フレンドリィショップ(200円)(バッジ1個以上)
まんたんのくすり,HPを全回復。,フレンドリィショップ(2500円)(バッジ4個以上)
まんぷくおこう,持たせると、必ず後攻になる。また、『カビゴン』に持たせて『タマゴ』を作ると『ゴンベ』が生まれる。,カイナ市場のおこうや(9600円)
まんまるいし,『ピンプク』に持たせ、朝・昼にレベルアップで『ラッキー』に進化。,野生のピンプクが高確率で持っている
ミアレガレット,状態異常と『こんらん』状態をすべて回復。ただし、『メロメロ』状態などは回復できない。,110番道路のカラクリ屋敷(3回目)
みずのいし,『ニョロゾ』『シェルダー』『ヒトデマン』『イーブイ』『ハスブレロ』『ヒヤップ』を進化させる。,スパトレ裏スーパートレーニングLv.5(カメックス)、Lv.8の景品
ミックスオレ,HPを80だけ回復。,キンセツシティなどにある自動販売機で買う(350円)※マグマ団アジト(アクア団アジト)では300円
みどりのかけら,124番水道のトレジャーハンターの小屋で『リーフのいし』と交換できる。,124番水道の北東からダイビングした海底に隠れて落ちている／126番水道に落ちている(要:ダイビング)／130番水道の海底の東に隠れて落ちている／マボロシ山に隠れて落ちていることがある
みどりのバンダナ,持たせると、コンテストライブで『かしこさ』の評価が高くなる。,手持ちの先頭を『かしこさ』が高いポケモンにして、カイナシティのポケモン大好きクラブの会長に話しかけるともらえる
みどりのプレート,持たせると、『くさ』タイプの技の威力が1.2倍になる。また、『アルセウス』に持たせると『くさ』タイプになる。,130番水道の海底の北中央付近に隠れて落ちている
ミミロップナイト,『ミミロップ』に持たせると、『メガミミロップ』にメガシンカできる。,グラードン・カイオーガ戦闘後に行けるキンセツシティ2階の東側12号室前の黒服の男性に2回話しかけるともらえる
ミュウツナイトX,『ミュウツー』に持たせると、『メガミュウツーX』にメガシンカできる。,グラードン・カイオーガ戦闘後、ミシロタウンの南西に落ちている
ミュウツナイトY,『ミュウツー』に持たせると、『メガミュウツーY』にメガシンカできる。,ポケモンリーグ入口前の左に落ちている
むしよけスプレー,100歩の間、先頭のポケモンよりレベルの低い野生のポケモンが出現しなくなる。,フレンドリィショップ(350円)(バッジ1個以上)
めざめいし,『ユキワラシ』(♀)、『キルリア』(♂)を進化させる。,チャンピオンロードでミツルからもらう／キンセツシティのさかさバトルの景品／スパトレ裏スーパートレーニングLv.6(エルレイド)の景品
メタグロスナイト,『メタグロス』に持たせると、『メガメタグロス』にメガシンカできる。,エピソードデルタ後、ポケモンリーグ再戦でダイゴに勝利後にもらう
メタルコート,持たせると、『はがね』タイプの技の威力が1.2倍になる。『ストライク』『イワーク』に持たせて通信交換すると進化する。,ニューキンセツに落ちている／野生のコイル、エアームド、ドーミラーが低確率で持っている
メタルパウダー,『メタモン』に持たせると、『ぼうぎょ』が2倍になる。ただし、『へんしん』後は効果がない。,キンセツキッチンのコイル焼きの景品／野生のメタモンが低確率で持っている
メトロノーム,持たせると、連続で同じ技を使用する度にダメージが20%ずつ上昇していく(最大2倍)。ただし、違う技を使うと元に戻る。,キンセツシティの屋上で男性から1000円で買う／野生のコロトック、ペラップが低確率で持っている
メンタルハーブ,持たせると、『アンコール』『いちゃもん』『かいふくふうじ』『ちょうはつ』『メロメロ』状態になった時に自分で回復する。1度使用するとなくなる。,文通をしているヒワマキシティの北東の民家の男性とトクサネシティの女性に話しかけた後、ヒワマキシティの男性からもらう／野生のハスボー、ハスブレロ、クルミルが低確率で持っている
もうどくプレート,持たせると、『どく』タイプの技の威力が1.2倍になる。また、『アルセウス』に持たせると『どく』タイプになる。,129番水道の海底の南西に隠れて落ちている
モーモーミルク,HPを100だけ回復。,フエンタウンのポケモンセンターにいる女性から500円で買う／ミナモデパート1階くじ4等景品
もくたん,持たせると、『ほのお』タイプの技の威力が1.2倍になる。,フエンタウンのポケモン漢方薬の店にいる老人からもらう／野生のロコン、コータスが低確率で持っている
ものしりメガネ,持たせると、特殊技の威力が1.1倍になる。,バトルリゾート景品(48BP)
もののけプレート,持たせると、『ゴースト』タイプの技の威力が1.2倍になる。また、『アルセウス』に持たせると『ゴースト』タイプになる。,127番水道の海底の北東に隠れて落ちている
もりのヨウカン,状態異常と『こんらん』状態をすべて回復。,110番道路のカラクリ屋敷(5回目)
やけどなおし,『やけど』状態を回復。,フレンドリィショップ(250円)(バッジ1個以上)
やすらぎのすず,持たせると、得られる「なつき度」が1.5倍になる。歩くだけでも効果がある。,手持ちの先頭になつき度の高いポケモンを入れて、カイナシティのポケモン大好きクラブで女性に話しかけるともらえる
ヤドランナイト,『ヤドラン』に持たせると、『メガヤドラン』にメガシンカできる。,浅瀬の洞穴で『あさせのしお』『あさせのかいがら』を4個ずつ集めて、お爺さんに『かいがらのすず』を作ってもらった時にもらえる
やみのいし,『ヤミカラス』『ムウマ』『ランプラー』『ニダンギル』を進化させる。,キンセツシティのさかさバトルの景品／スパトレ裏スーパートレーニングLv.6(ギルガルド)の景品
ヤミラミナイト,『ヤミラミ』に持たせると、『メガヤミラミ』にメガシンカできる。,ルネシティの目覚めのほこらの近くに落ちている
やわらかいすな,持たせると、『じめん』タイプの技の威力が1.2倍になる。,109番水道の東にいる女の子からもらう／野生のディグダ、ツチニン、ナックラーが低確率で持っている
ゆきだま,持たせると、『こおり』タイプの技のダメージを受けた時に『こうげき』が1段階上がる。1度使用するとなくなる。,バトルリゾート景品(32BP)／野生のユキワラシが低確率で持っている
ユキノオナイト,『ユキノオー』に持たせると、『メガユキノオー』にメガシンカできる。,グラードン・カイオーガ戦闘後、123番道路のきのみ畑に落ちている
ヨクアタール,戦闘中に使用すると命中率のランクが1段階上がる。,カイナシティのフレンドリィショップ(950円)／ミナモデパート3階(950円)
ライボルトナイト,『ライボルト』に持たせると、『メガライボルト』にメガシンカできる。,110番道路のサイクリングロードに落ちている
ラグラージナイト,『ラグラージ』に持たせると、『メガラグラージ』にメガシンカできる。,最初にミズゴロウを選んだ場合、120番道路でダイゴからもらう／それ以外の場合、グラードン・カイオーガ戦闘後、114番道路の橋の北側にいるお爺さんに話しかけて「引潮(ひきしお)」を1500円で購入
ラッキーパンチ,『ラッキー』に持たせると、急所ランクが1段階上がる。,XYのみ
ラティアスナイト,『ラティアス』に持たせると、『メガラティアス』にメガシンカできる。,(ASのみ)南の孤島で入手／(ORのみ)エピソードデルタ後、ミシロタウン自宅でママからもらう
ラティオスナイト,『ラティオス』に持たせると、『メガラティオス』にメガシンカできる。,(ORのみ)南の孤島で入手／(ASのみ)エピソードデルタ後、ミシロタウン自宅でママからもらう
リーフのいし,『クサイハナ』『ウツドン』『タマタマ』『コノハナ』『ヤナップ』を進化させる。,124番水道のトレジャーハンターの家で『みどりのかけら』と交換／119番道路に落ちている(要:なみのり)／スパトレ裏スーパートレーニングLv.5(フシギバナ)、Lv.8の景品
リザードナイトX,『リザードン』に持たせると、『メガリザードンX』にメガシンカできる。,グラードン・カイオーガ戦闘後、炎の抜け道の南西に落ちている(要:かいりき)
リザードナイトY,『リザードン』に持たせると、『メガリザードンY』にメガシンカできる。,グラードン・カイオーガ戦闘後、120番道路の日照りの岩戸の地下2階(要:なみのり)
リゾチウム,『とくこう』の基礎ポイント(努力値)が10上がる。同時に「なつき度」が少し上がる。既に100以上のポイントがある場合は使用できない。,カイナ市場のがんばりや(9800円)※月曜は4900円／ミナモデパート3階(9800円)／バトルリゾート景品(2BP)
りゅうのウロコ,『シードラ』に持たせて通信交換すると『キングドラ』に進化する。,空の柱の1階奥のハシゴから2階に上がると落ちている／野生のタッツー、シードラが低確率で持っている
りゅうのキバ,持たせると、『ドラゴン』タイプの技の威力が1.2倍になる。,野生のタツベイ、クリムガンが低確率で持っている
りゅうのプレート,持たせると、『ドラゴン』タイプの技の威力が1.2倍になる。また、『アルセウス』に持たせると『ドラゴン』タイプになる。,128番水道の海底の南西に隠れて落ちている
ルカリオナイト,『ルカリオ』に持たせると、『メガルカリオ』にメガシンカできる。,コンテストライブの5つのマスターランク優勝後、マスターランクでルチアに勝利後にもらう
れいかいのぬの,『サマヨール』に持たせて通信交換すると『ヨノワール』に進化する。,バトルリゾート景品(32BP)
レッドカード,持たせると、相手の攻撃技を受けた時に相手を強制的に交代させる。ただし、持たせたポケモンが相手の技を受けて『ひんし』状態になった場合は発動しない。1度使用するとなくなる。,バトルリゾート景品(32BP)
